<?xml version="1.0" encoding="UTF-8"?>
<beans
	xmlns="http://www.springframework.org/schema/beans"
	xmlns:xsi="http://www.w3.org/2001/XMLSchema-instance"
	xmlns:p="http://www.springframework.org/schema/p"
	xsi:schemaLocation="http://www.springframework.org/schema/beans http://www.springframework.org/schema/beans/spring-beans-3.0.xsd">
	
	<bean id="cust1" class="com.anu.beans.Customer">
			<constructor-arg value="C001"></constructor-arg>
			<constructor-arg value="Harsha"></constructor-arg>
			<constructor-arg>
					<list>
						<value>Television</value>
						<value>Washing Machine</value>					
						<value>Lap Top</value>
						<value>Blue Ray Disc</value>
						<value>Mouse</value>					
					</list>
			</constructor-arg>
	</bean>
	<bean id="cust2" class="com.anu.beans.Customer">
			<constructor-arg value="C002"></constructor-arg>
			<constructor-arg value="Kiran Kumar"></constructor-arg>
			<constructor-arg>
					<list>
						<value>4KTV</value>
						<value>Refrigerator</value>					
						<value>Vacuum Cleaner</value>
						<value>Microwave Oven</value>
						<value>AirConditioner</value>					
					</list>
			</constructor-arg>
	
	</bean>


</beans>