<?xml version="1.0" encoding="UTF-8"?>
<beans
	xmlns="http://www.springframework.org/schema/beans"
	xmlns:xsi="http://www.w3.org/2001/XMLSchema-instance"
	xmlns:p="http://www.springframework.org/schema/p"
	xsi:schemaLocation="http://www.springframework.org/schema/beans http://www.springframework.org/schema/beans/spring-beans-3.0.xsd">

<bean id ="ans1" class="com.anu.beans.Answer">
	<constructor-arg value="a001"></constructor-arg>
	<constructor-arg value="suman"></constructor-arg>
	<constructor-arg value="MVC is ARch Level design Pattern"></constructor-arg>
</bean>
<bean id ="ans2" class="com.anu.beans.Answer">
	<constructor-arg value="a002"></constructor-arg>
	<constructor-arg value="raman"></constructor-arg>
	<constructor-arg value="MVC is archtecture style"></constructor-arg>
</bean>
<bean id ="ans3" class="com.anu.beans.Answer">
	<constructor-arg value="a003"></constructor-arg>
	<constructor-arg value="sumanth"></constructor-arg>
	<constructor-arg value="MVC is a pattern which supports DI And IOC?"></constructor-arg>
</bean>


<bean id ="ans4" class="com.anu.beans.Answer">
	<constructor-arg value="a004"></constructor-arg>
	<constructor-arg value="suman"></constructor-arg>
	<constructor-arg value="DI is a pattern to load objects dynamically"></constructor-arg>
</bean>
<bean id ="ans5" class="com.anu.beans.Answer">
	<constructor-arg value="a005"></constructor-arg>
	<constructor-arg value="raman"></constructor-arg>
	<constructor-arg value="DI is implemented by IOC"></constructor-arg>
</bean>
<bean id ="ans6" class="com.anu.beans.Answer">
	<constructor-arg value="a006"></constructor-arg>
	<constructor-arg value="suman"></constructor-arg>
	<constructor-arg value="DI helps in injecting all dependencies automatically"></constructor-arg>
</bean>
	<bean id="q1" class="com.anu.beans.Question">
		<constructor-arg value="Q001"></constructor-arg>
		<constructor-arg value="What is MVC?"></constructor-arg>
		<constructor-arg>
			<list>
				<ref bean="ans1"/>
				<ref bean="ans2"/>
				<ref bean="ans3"/>			
			</list>
		</constructor-arg>
	</bean>
		<bean id="q2" class="com.anu.beans.Question">
		<constructor-arg value="Q002"></constructor-arg>
		<constructor-arg value="What is Dependency Injection?"></constructor-arg>
		<constructor-arg>
			<list>
				<ref bean="ans4"/>
				<ref bean="ans5"/>
				<ref bean="ans6"/>			
			</list>
		</constructor-arg>
	</bean>


</beans>