<?xml version="1.0" encoding="UTF-8"?>
<beans
	xmlns="http://www.springframework.org/schema/beans"
	xmlns:xsi="http://www.w3.org/2001/XMLSchema-instance"
	xmlns:p="http://www.springframework.org/schema/p"
	xsi:schemaLocation="http://www.springframework.org/schema/beans http://www.springframework.org/schema/beans/spring-beans-3.0.xsd">

<bean id="group1Quiz" class="com.anu.beans.Quiz" >
		<constructor-arg value="Grp01"></constructor-arg>
		<constructor-arg value="SpringMVC"></constructor-arg>
		<constructor-arg>
			<map>
				<entry key="What is MVC?" value="MVC is arch level Design Pattern"></entry>
				<entry key="What are pillar features of MVC?" value="SOC, IOC,DI and AOP"></entry>
				<entry key="Which module is responsible for DI ?" value="Spring Core"></entry>
			</map>
		
		</constructor-arg>
</bean>
<bean id="group2Quiz" class="com.anu.beans.Quiz" >
		<constructor-arg value="Grp02"></constructor-arg>
		<constructor-arg value="IOC"></constructor-arg>
		<constructor-arg>
			<map>
				<entry key="What is IOC?" value="IOC is Spring Container responsible for DI"></entry>
				<entry key="what is Primary role of IOC " value="Primary Role of IOC is to Inject Dependencies"></entry>
				<entry key="Which interface is considered as IOC Container ?" value="APplication Context is considered as IOC Container"></entry>
			</map>
		
		</constructor-arg>
</bean>




</beans>