<?xml version="1.0" encoding="UTF-8"?>
<beans
	xmlns="http://www.springframework.org/schema/beans"
	xmlns:xsi="http://www.w3.org/2001/XMLSchema-instance"
	xmlns:p="http://www.springframework.org/schema/p"
	xsi:schemaLocation="http://www.springframework.org/schema/beans http://www.springframework.org/schema/beans/spring-beans-3.0.xsd">

	<bean id="user1" class="com.anu.beans1.User">
		<constructor-arg value="u001"></constructor-arg>
		<constructor-arg value="Rajan"></constructor-arg>
		<constructor-arg value="Software Engineer"></constructor-arg>
	</bean>
	<bean id="user2" class="com.anu.beans1.User">
		<constructor-arg value="u002"></constructor-arg>
		<constructor-arg value="Srujan"></constructor-arg>
		<constructor-arg value="Software Engineer"></constructor-arg>
	</bean>
	<bean id="user3" class="com.anu.beans1.User">
		<constructor-arg value="u003"></constructor-arg>
		<constructor-arg value="Raman"></constructor-arg>
		<constructor-arg value="Test Engineer"></constructor-arg>
	</bean>
	<bean id="user4" class="com.anu.beans1.User">
		<constructor-arg value="u004"></constructor-arg>
		<constructor-arg value="Rajani"></constructor-arg>
		<constructor-arg value="Test Engineer"></constructor-arg>
	</bean>
	<bean id="user5" class="com.anu.beans1.User">
		<constructor-arg value="u005"></constructor-arg>
		<constructor-arg value="SreRanjani"></constructor-arg>
		<constructor-arg value="Design Engineer"></constructor-arg>
	</bean>
	<bean id="user6" class="com.anu.beans1.User">
		<constructor-arg value="u006"></constructor-arg>
		<constructor-arg value="Rajesh"></constructor-arg>
		<constructor-arg value="Design Engineer"></constructor-arg>
	</bean>
	
	<bean id="ans1" class="com.anu.beans1.Answer">
		<constructor-arg value="A001"></constructor-arg>
		<constructor-arg value="MVC is an Architectural Style.."></constructor-arg>
	</bean>
	<bean id="ans2" class="com.anu.beans1.Answer">
		<constructor-arg value="A002"></constructor-arg>
		<constructor-arg value="Dependency Injection is Injecting Objects Dynamically..."></constructor-arg>
	</bean>
	<bean id="ans3" class="com.anu.beans1.Answer">
		<constructor-arg value="A003"></constructor-arg>
		<constructor-arg value="MVC is architecture Level Design Pattern..."></constructor-arg>
	</bean>
	<bean id="ans4" class="com.anu.beans1.Answer">
		<constructor-arg value="A004"></constructor-arg>
		<constructor-arg value="DI is Implemented by IOC Container..."></constructor-arg>
	</bean>
	<bean id="ans5" class="com.anu.beans1.Answer">
		<constructor-arg value="A005"></constructor-arg>
		<constructor-arg value="MVC is implementing 3 Tier ARchitecture in Modern Way.."></constructor-arg>
	</bean>
	<bean id="ans6" class="com.anu.beans1.Answer">
		<constructor-arg value="A006"></constructor-arg>
		<constructor-arg value="DI is manifestation of Factory Pattern internally"></constructor-arg>
	</bean>
	
	<bean id="QuizMap1" class="com.anu.beans1.QuizMap">
			<constructor-arg value="Q001"></constructor-arg>
			<constructor-arg value="MVC"></constructor-arg>
			<constructor-arg value="What is MVC?"></constructor-arg>
			<constructor-arg>
				<map>
					<entry key-ref="user1" value-ref="ans1"></entry>
					<entry key-ref="user3" value-ref="ans3"></entry>
					<entry key-ref="user5" value-ref="ans5"></entry>
				</map>
			</constructor-arg>
	</bean>
	<bean id="QuizMap2" class="com.anu.beans1.QuizMap">
			<constructor-arg value="Q002"></constructor-arg>
			<constructor-arg value="Dependency Injection"></constructor-arg>
			<constructor-arg value="What is DI?"></constructor-arg>
			<constructor-arg>
				<map>
					<entry key-ref="user2" value-ref="ans2"></entry>
					<entry key-ref="user4" value-ref="ans4"></entry>
					<entry key-ref="user6" value-ref="ans6"></entry>
				</map>
			</constructor-arg>
	</bean>

</beans>