<?xml version="1.0" encoding="UTF-8"?>
<beans
	xmlns="http://www.springframework.org/schema/beans"
	xmlns:xsi="http://www.w3.org/2001/XMLSchema-instance"
	xmlns:p="http://www.springframework.org/schema/p"
	xsi:schemaLocation="http://www.springframework.org/schema/beans http://www.springframework.org/schema/beans/spring-beans-3.0.xsd">

	<bean id="empBean" class="com.anu.beans.EmployeeBean">
	</bean>
	
	<bean id="empBean1" class="com.anu.beans.EmployeeBean">
		<constructor-arg value="E001"></constructor-arg>
		<constructor-arg value="Harsha Vardhana"></constructor-arg>
		<constructor-arg value="110/1,Vijayanagar,Bangalore"></constructor-arg>
	</bean>
	
	<bean id="empBean2" class="com.anu.beans.EmployeeBean">
		<constructor-arg value="E002"></constructor-arg>
		<constructor-arg value="Harsha Vardhana"></constructor-arg>
	</bean>

</beans>
