<?xml version="1.0" encoding="UTF-8"?>

<beans
	xmlns="http://www.springframework.org/schema/beans"
	xmlns:xsi="http://www.w3.org/2001/XMLSchema-instance"
	xmlns:p="http://www.springframework.org/schema/p"
	xsi:schemaLocation="http://www.springframework.org/schema/beans http://www.springframework.org/schema/beans/spring-beans-3.0.xsd">

	<bean id="emp1" class="com.anu.beans.Employee">
		<property name="empId" value="E001"></property>
		<property name="empName" value="Harsha"></property>
		<property name="empAddress" value="RTNagar"></property>
	</bean>
	<bean id="emp2" class="com.anu.beans.Employee">
		<property name="empId" value="E002"></property>
		<property name="empName" value="SreeHarsha"></property>
		<property name="empAddress" value="VijayaNagar"></property>
	</bean>

</beans>