<?xml version="1.0" encoding="UTF-8"?>
<beans
	xmlns="http://www.springframework.org/schema/beans"
	xmlns:xsi="http://www.w3.org/2001/XMLSchema-instance"
	xmlns:p="http://www.springframework.org/schema/p"
	xsi:schemaLocation="http://www.springframework.org/schema/beans http://www.springframework.org/schema/beans/spring-beans-3.0.xsd">

<bean id="prod1" class="com.anu.beans.Product">
	<property name="productId" value="P001"></property>
	<property name="productName" value="Television"></property>
	<property name="pricePerUnit" value="35000.0"></property>
</bean>
<bean id="prod2" class="com.anu.beans.Product">
	<property name="productId" value="P002"></property>
	<property name="productName" value="LapTop"></property>
	<property name="pricePerUnit" value="135000.0"></property>
</bean>
<bean id="prod3" class="com.anu.beans.Product">
	<property name="productId" value="P003"></property>
	<property name="productName" value="Washing Machine"></property>
	<property name="pricePerUnit" value="45000.0"></property>
</bean>
<bean id="prod4" class="com.anu.beans.Product">
	<property name="productId" value="P004"></property>
	<property name="productName" value="Refrigerator"></property>
	<property name="pricePerUnit" value="55000.0"></property>
</bean>
<bean id="prod5" class="com.anu.beans.Product">
	<property name="productId" value="P005"></property>
	<property name="productName" value="BlueRayDisc"></property>
	<property name="pricePerUnit" value="85000.0"></property>
</bean>
<bean id="prod6" class="com.anu.beans.Product">
	<property name="productId" value="P006"></property>
	<property name="productName" value="KeyBoard"></property>
	<property name="pricePerUnit" value="2500.0"></property>
</bean>
<bean id="Cust01" class="com.anu.beans.Customer">
	<property name="customerId" value="C001"></property>
	<property name="customerName" value="Sudarshan Gupta"></property>
	<property name="purchaseValue" value="215000"></property>
	<property name="products">
		<list>
			<ref bean="prod1" />
			<ref bean="prod2" />
			<ref bean="prod3" />		
		</list>
	</property>
</bean>
<bean id="Cust02" class="com.anu.beans.Customer">
	<property name="customerId" value="C002"></property>
	<property name="customerName" value="Raman Verma"></property>
	<property name="purchaseValue" value="142500"></property>
	<property name="products">
		<list>
			<ref bean="prod4" />
			<ref bean="prod5" />
			<ref bean="prod6" />		
		</list>
	</property>
</bean>


</beans>