<?xml version="1.0" encoding="UTF-8"?>
<beans
	xmlns="http://www.springframework.org/schema/beans"
	xmlns:xsi="http://www.w3.org/2001/XMLSchema-instance"
	xmlns:p="http://www.springframework.org/schema/p"
	xsi:schemaLocation="http://www.springframework.org/schema/beans http://www.springframework.org/schema/beans/spring-beans-3.0.xsd">

<bean id="cust1" class="com.anu.beansa.Customer">
	<property name="customerId" value="C001"></property>
	<property name="customerName" value="Harsha"></property>
	<property name="purchaseValue" value="12000.0"></property>
</bean>
<bean id="cust2" class="com.anu.beansa.Customer">
	<property name="customerId" value="C002"></property>
	<property name="customerName" value="SreeHarsha"></property>
	<property name="purchaseValue" value="13000.0"></property>
</bean>
<bean id="cust3" class="com.anu.beansa.Customer">
	<property name="customerId" value="C003"></property>
	<property name="customerName" value="Sunil"></property>
	<property name="purchaseValue" value="14000.0"></property>
</bean>
<bean id="cust4" class="com.anu.beansa.Customer">
	<property name="customerId" value="C004"></property>
	<property name="customerName" value="Poorna"></property>
	<property name="purchaseValue" value="15000.0"></property>
</bean>
<bean id="cust5" class="com.anu.beansa.Customer">
	<property name="customerId" value="C005"></property>
	<property name="customerName" value="Deeksha"></property>
	<property name="purchaseValue" value="16000.0"></property>
</bean>
<bean id="cust6" class="com.anu.beansa.Customer">
	<property name="customerId" value="C006"></property>
	<property name="customerName" value="Suman"></property>
	<property name="purchaseValue" value="17000.0"></property>
</bean>


<bean id="prod1" class="com.anu.beansa.Product">
	<property name="productId" value="p001"></property>
	<property name="productName" value="Television"></property>
	<property name="pricePerUnit" value="25000"></property>
</bean>
<bean id="prod2" class="com.anu.beansa.Product">
	<property name="productId" value="p002"></property>
	<property name="productName" value="LapTop"></property>
	<property name="pricePerUnit" value="125000"></property>
</bean>
<bean id="prod3" class="com.anu.beansa.Product">
	<property name="productId" value="p003"></property>
	<property name="productName" value="Fridge"></property>
	<property name="pricePerUnit" value="45000"></property>
</bean>
<bean id="prod4" class="com.anu.beansa.Product">
	<property name="productId" value="p004"></property>
	<property name="productName" value="KeyBoard"></property>
	<property name="pricePerUnit" value="2500"></property>
</bean>
<bean id="prod5" class="com.anu.beansa.Product">
	<property name="productId" value="p005"></property>
	<property name="productName" value="Mouse"></property>
	<property name="pricePerUnit" value="750"></property>
</bean>
<bean id="prod6" class="com.anu.beansa.Product">
	<property name="productId" value="p006"></property>
	<property name="productName" value="Vacuum Cleaner"></property>
	<property name="pricePerUnit" value="18000"></property>
</bean>

<bean id="purchDet1" class="com.anu.beansa.PurchaseDetails">
	<property name="counterId" value="Cntr1"></property>
	<property name="salesMan" value="Harish Chandra"></property>
	<property name="purchases">
			<map>
				<entry key-ref="cust1" value-ref="prod1"></entry>
				<entry key-ref="cust2" value-ref="prod2"></entry>
				<entry key-ref="cust3" value-ref="prod3"></entry>
			</map>
	</property>
</bean>
<bean id="purchDet2" class="com.anu.beansa.PurchaseDetails">
	<property name="counterId" value="Cntr2"></property>
	<property name="salesMan" value="Girish Chandra"></property>
	<property name="purchases">
			<map>
				<entry key-ref="cust4" value-ref="prod4"></entry>
				<entry key-ref="cust5" value-ref="prod5"></entry>
				<entry key-ref="cust6" value-ref="prod6"></entry>
			</map>
	</property>
</bean>
	
</beans>