<?xml version="1.0" encoding="UTF-8"?>
<beans
	xmlns="http://www.springframework.org/schema/beans"
	xmlns:xsi="http://www.w3.org/2001/XMLSchema-instance"
	xmlns:p="http://www.springframework.org/schema/p"
	xsi:schemaLocation="http://www.springframework.org/schema/beans http://www.springframework.org/schema/beans/spring-beans-3.0.xsd">

	<bean id="addr1" class="com.anu.beans.Address">
		<constructor-arg value="22/1"></constructor-arg>
		<constructor-arg value="Shanthi St."></constructor-arg>
		<constructor-arg value="Vijayanagar"></constructor-arg>
		<constructor-arg value="Bangalore"></constructor-arg>
		<constructor-arg value="Karnataka"></constructor-arg>
	</bean>
	<bean id="emp1" class="com.anu.beans.Employee">
		<constructor-arg value="E001"></constructor-arg>
		<constructor-arg value="Sumanth Kumar"></constructor-arg>
		<constructor-arg>
				<ref bean="addr1" />
		</constructor-arg>
	</bean>
	
	<bean id="addr2" class="com.anu.beans.Address">
		<constructor-arg value="119/1"></constructor-arg>
		<constructor-arg value="Berlie St"></constructor-arg>
		<constructor-arg value="Indiranagar"></constructor-arg>
		<constructor-arg value="Bangalore"></constructor-arg>
		<constructor-arg value="Karnataka"></constructor-arg>
	</bean>
	
	<bean id="emp2" class="com.anu.beans.Employee">
		<constructor-arg value="E002"></constructor-arg>
		<constructor-arg value="Rajendra Gupta"></constructor-arg>
		<constructor-arg>
					<ref bean="addr2"/> 
		</constructor-arg>
	</bean>
	


</beans>