<?xml version="1.0" encoding="UTF-8"?>
<beans
	xmlns="http://www.springframework.org/schema/beans"
	xmlns:xsi="http://www.w3.org/2001/XMLSchema-instance"
	xmlns:p="http://www.springframework.org/schema/p"
	xsi:schemaLocation="http://www.springframework.org/schema/beans http://www.springframework.org/schema/beans/spring-beans-3.0.xsd">

	<bean id="cust1" class="com.anu.beans.Customer">
		<constructor-arg value="C001"></constructor-arg>
		<constructor-arg value="Hari Krishna Das"></constructor-arg>
		<constructor-arg>
				<list>
					<value>Television</value>
					<value>Blue Ray Disc</value>				
					<value>Lap Top</value>
					<value>Air Conditioner</value>
					<value>Washing Machine</value>			
				</list>
		</constructor-arg>
	</bean>
	
	<bean id="cust2" class="com.anu.beans.Customer">
			<constructor-arg value="C002"></constructor-arg>
			<constructor-arg value="Srujan Kumar"></constructor-arg>
			<constructor-arg>
					<list>
						<value>ShoeRack</value>
						<value>Television Stand</value>				
						<value>Book Rack</value>
						<value>Sofa Set</value>
						<value>Dining Table</value>
					</list>
			</constructor-arg>
	</bean>

</beans>